TXG,10x Genomics Inc,NASDAQ,7593471284.4
ONEM,1Life Healthcare Inc,NASDAQ,4163437514.53
ABMD,ABIOMED Inc,NASDAQ,8598909651.35
ACIA,Acacia Communications Inc,NASDAQ,2823143164.44
ACAD,ACADIA Pharmaceuticals Inc,NASDAQ,8114143078.38
XLRN,Acceleron Pharma Inc,NASDAQ,5630055775
ACIW,ACI Worldwide Inc,NASDAQ,2970507057
ATVI,Activision Blizzard Inc,NASDAQ,56152979960.4
ADPT,Adaptive Biotechnologies Corporation,NASDAQ,4986682915.8
ADBE,Adobe Inc,NASDAQ,177288258774.5
AMD,Advanced Micro Devices Inc,NASDAQ,63935283772.23
AGIO,Agios Pharmaceuticals Inc,NASDAQ,3363868425.4
AGNC,AGNC Investment Corp,NASDAQ,7215699933.6
AKAM,Akamai Technologies Inc,NASDAQ,15919125703.2
ALXN,Alexion Pharmaceuticals Inc,NASDAQ,22683393712.32
ALGN,Align Technology Inc,NASDAQ,18069797824.36
ALLK,Allakos Inc,NASDAQ,3499961011.27
LNT,Alliant Energy Corporation,NASDAQ,11911309215.96
ALLO,Allogene Therapeutics Inc,NASDAQ,6058524468.3
ALNY,Alnylam Pharmaceuticals Inc,NASDAQ,16633850405.37
GOOG,Alphabet Inc,NASDAQ,944705417579.22
GOOGL,Alphabet Inc,NASDAQ,945551866643.34
AMZN,Amazoncom Inc,NASDAQ,1210160335400.32
DOX,Amdocs Limited,NASDAQ,8393754600
AMED,Amedisys Inc,NASDAQ,6255654678
UHAL,Amerco,NASDAQ,5848611004.64
AMOV,America Movil SAB de CV,NASDAQ,42028468310.92
AAL,American Airlines Group Inc,NASDAQ,4173968724.87
AMGN,Amgen Inc,NASDAQ,137173410972.81
FOLD,Amicus Therapeutics Inc,NASDAQ,3249148121.83
ADI,Analog Devices Inc,NASDAQ,39892964658.94
ANGI,ANGI Homeservices Inc,NASDAQ,5241580072.47
ANSS,ANSYS Inc,NASDAQ,22555253867.38
APPF,AppFolio Inc,NASDAQ,4545147896.62
APPN,Appian Corporation,NASDAQ,3579299856.7
AAPL,Apple Inc,NASDAQ,1365142151600
AMAT,Applied Materials Inc,NASDAQ,49919065997.04
ACGL,Arch Capital Group Ltd,NASDAQ,9881621966.16
ARCC,Ares Capital Corporation,NASDAQ,5815280357.44
ARGX,argenx SE,NASDAQ,3818655172.48
ARWR,Arrowhead Pharmaceuticals Inc,NASDAQ,3891809997.76
ASND,Ascendis Pharma A/S,NASDAQ,6493427439.17
ASML,ASML Holding NV,NASDAQ,22545497163.48
AZPN,Aspen Technology Inc,NASDAQ,6353746651.59
TEAM,Atlassian Corporation Plc,NASDAQ,44706968293.68
ADSK,Autodesk Inc,NASDAQ,41666794375.8
ADP,Automatic Data Processing Inc,NASDAQ,58621224886.4
AAXN,Axon Enterprise Inc,NASDAQ,4478515070.88
AXSM,Axsome Therapeutics Inc,NASDAQ,3161836504.32
BIDU,Baidu Inc,NASDAQ,29747610743.2
BCPC,Balchem Corporation,NASDAQ,2935015590.44
OZK,Bank OZK,NASDAQ,2722154867.05
GOLD,Barrick Gold Corporation,NASDAQ,48360419819.2
BGNE,BeiGene Ltd,NASDAQ,6997602815
BYND,Beyond Meat Inc,NASDAQ,8092641091.69
BILI,Bilibili Inc,NASDAQ,5400463650.12
BIIB,Biogen Inc,NASDAQ,51550926827.4
BMRN,BioMarin Pharmaceutical Inc,NASDAQ,17244602588.16
TECH,Bio-Techne Corp,NASDAQ,10197516571.11
BL,BlackLine Inc,NASDAQ,3631860004.26
BLUE,bluebird bio Inc,NASDAQ,3179961565.4
BPMC,Blueprint Medicines Corporation,NASDAQ,3430766620.84
BOKF,BOK Financial Corporation,NASDAQ,3322781222.32
BKNG,Booking Holdings Inc,NASDAQ,63747028718.73
BBIO,BridgeBio Pharma Inc,NASDAQ,4226103121.44
BHF,Brighthouse Financial Inc,NASDAQ,2782475519.15
AVGO,Broadcom Inc,NASDAQ,109354926597.85
BPY,Brookfield Property Partners LP,NASDAQ,4242305391.35
BRKS,Brooks Automation Inc,NASDAQ,2883238567.29
BRKR,Bruker Corporation,NASDAQ,6631906856
CHRW,CH Robinson Worldwide Inc,NASDAQ,10478040687.52
CCMP,Cabot Microelectronics Corporation,NASDAQ,3764273305.68
CDNS,Cadence Design Systems Inc,NASDAQ,23275820190
CZR,Caesars Entertainment Corporation,NASDAQ,7164925077.15
CASY,Caseys General Stores Inc,NASDAQ,5510573428.21
CBOE,Cboe Global Markets Inc,NASDAQ,11490494750
CDK,CDK Global Inc,NASDAQ,4680024564.14
CDW,CDW Corporation,NASDAQ,15158299978.92
CERN,Cerner Corporation,NASDAQ,20811357268
CHNG,Change Healthcare Inc,NASDAQ,3559166452.5
CHTR,Charter Communications Inc,NASDAQ,106901650154.39
CHKP,Check Point Software Technologies Ltd,NASDAQ,15219417599.4
CCXI,ChemoCentryx Inc,NASDAQ,3617841337.35
CBPO,China Biologic Products Holdings Inc,NASDAQ,4230554965.2
CHDN,Churchill Downs Incorporated,NASDAQ,4413142089.13
CINF,Cincinnati Financial Corporation,NASDAQ,8549817403.27
CTAS,Cintas Corporation,NASDAQ,24600589258.86
CRUS,Cirrus Logic Inc,NASDAQ,4142662323.26
CSCO,Cisco Systems Inc,NASDAQ,191094060054.66
CTXS,Citrix Systems Inc,NASDAQ,17269510589.16
CME,CME Group Inc,NASDAQ,66625708369.6
CCOI,Cogent Communications Holdings Inc,NASDAQ,3715430480.4
CGNX,Cognex Corporation,NASDAQ,10278960799.48
CTSH,Cognizant Technology Solutions Corporation,NASDAQ,28726423963.28
COHR,Coherent Inc,NASDAQ,3377291992.75
COLM,Columbia Sportswear Company,NASDAQ,4437910703.12
CMCSA,Comcast Corporation,NASDAQ,173848763669.62
CBSH,Commerce Bancshares Inc,NASDAQ,6584901825.6
CPRT,Copart Inc,NASDAQ,19626586210.4
CSGP,CoStar Group Inc,NASDAQ,24192442532.96
COST,Costco Wholesale Corporation,NASDAQ,133692746267.52
COUP,Coupa Software Incorporated,NASDAQ,13987929527.8
CACC,Credit Acceptance Corporation,NASDAQ,6243431115.24
CREE,Cree Inc,NASDAQ,5342025412.79
CRSP,CRISPR Therapeutics AG,NASDAQ,3903912893.86
CRWD,CrowdStrike Holdings Inc,NASDAQ,16225510441.5
CSX,CSX Corporation,NASDAQ,50819280702.66
CYBR,CyberArk Software Ltd,NASDAQ,3724840651.56
CONE,CyrusOne Inc,NASDAQ,8035188421.5
DDOG,Datadog Inc,NASDAQ,20181112369.74
DCPH,Deciphera Pharmaceuticals Inc,NASDAQ,3087342073.98
XRAY,DENTSPLY SIRONA Inc,NASDAQ,8888093450.8
DXCM,DexCom Inc,NASDAQ,38271411238.32
FANG,Diamondback Energy Inc,NASDAQ,6855520219.92
DISCA,Discovery Inc,NASDAQ,10782439829.28
DISCB,Discovery Inc,NASDAQ,19507703638.5
DISCK,Discovery Inc,NASDAQ,9779186499.3
DISH,DISH Network Corporation,NASDAQ,14015984706.08
DOCU,DocuSign Inc,NASDAQ,22510022589.32
DLTR,Dollar Tree Inc,NASDAQ,18643977059.72
DKNG,DraftKings Inc,NASDAQ,9234517224.15
DBX,Dropbox Inc,NASDAQ,8921286330.62
DNKN,Dunkin&#39; Brands Group Inc,NASDAQ,5223107744.25
ETFC,E*TRADE Financial Corporation,NASDAQ,9153532210.79
EWBC,East West Bancorp Inc,NASDAQ,4937871521
EBAY,eBay Inc,NASDAQ,29786263465
SATS,EchoStar Corporation,NASDAQ,2882419221.2
EHTH,eHealth Inc,NASDAQ,3247343046.78
ESLT,Elbit Systems Ltd,NASDAQ,6023348412.4
EA,Electronic Arts Inc,NASDAQ,33926654133.12
ENPH,Enphase Energy Inc,NASDAQ,8066129274.98
ESGR,Enstar Group Limited,NASDAQ,2998071294.75
ENTG,Entegris Inc,NASDAQ,7676610405.9
EQIX,Equinix Inc,NASDAQ,56916355404.72
ERIC,Ericsson,NASDAQ,3013456271.04
ERIE,Erie Indemnity Company,NASDAQ,8875159295.64
ETSY,Etsy Inc,NASDAQ,9278243225.52
EEFT,Euronet Worldwide Inc,NASDAQ,4736105004.96
EVBG,Everbridge Inc,NASDAQ,5320008978.2
EXAS,Exact Sciences Corporation,NASDAQ,12545734038.82
EXEL,Exelixis Inc,NASDAQ,7878064417.86
EXC,Exelon Corporation,NASDAQ,36579270613.92
EXPE,Expedia Group Inc,NASDAQ,11164355869.1
EXPD,Expeditors International of Washington Inc,NASDAQ,12263945646.34
EXPO,Exponent Inc,NASDAQ,3492750861.6
FFIV,F5 Networks Inc,NASDAQ,8596764692.97
FB,Facebook Inc,NASDAQ,607400332527
FAST,Fastenal Company,NASDAQ,22380033915.09
FGEN,FibroGen Inc,NASDAQ,3254996627.09
FITB,Fifth Third Bancorp,NASDAQ,12721863740.91
FCNCA,First Citizens BancShares Inc,NASDAQ,3680682218.25
FFIN,First Financial Bankshares Inc,NASDAQ,3958974357.42
FSLR,First Solar Inc,NASDAQ,4487285267.58
FTCS,First Trust Capital Strength ETF,NASDAQ,4574088113.22
SKYY,First Trust Cloud Computing ETF,NASDAQ,3684645132.78
FTSM,First Trust Enhanced Short Maturity ETF,NASDAQ,4843531506.24
LMBS,First Trust Low Duration Opportunities ETF,NASDAQ,5290471603.38
FCFS,FirstCash Inc,NASDAQ,2972112516.56
FSV,FirstService Corporation,NASDAQ,3432067973.79
FISV,Fiserv Inc,NASDAQ,70329323719.05
FIVE,Five Below Inc,NASDAQ,5269116467.7
FIVN,Five9 Inc,NASDAQ,6429295485
FLEX,Flex Ltd,NASDAQ,5155834702.26
FLIR,FLIR Systems Inc,NASDAQ,6022673738.74
FTNT,Fortinet Inc,NASDAQ,23385694281.8
FOX,Fox Corporation,NASDAQ,16212917814.055
FOXA,Fox Corporation,NASDAQ,16584206008.27
FRPT,Freshpet Inc,NASDAQ,2961174950.74
FTDR,frontdoor inc,NASDAQ,3690251099
GLPI,Gaming and Leisure Properties Inc,NASDAQ,6399747707.5
GRMN,Garmin Ltd,NASDAQ,15642451408.94
GLIBA,GCI Liberty Inc,NASDAQ,6749799468.85
GDS,GDS Holdings Limited,NASDAQ,6394129389.32
GNTX,Gentex Corporation,NASDAQ,6227092671.3
GILD,Gilead Sciences Inc,NASDAQ,93776955384
GBCI,Glacier Bancorp Inc,NASDAQ,3739730685.6
GBT,Global Blood Therapeutics Inc,NASDAQ,4486423192.74
LOPE,Grand Canyon Education Inc,NASDAQ,4557234393.6
GO,Grocery Outlet Holding Corp,NASDAQ,3487729151.8
GH,Guardant Health Inc,NASDAQ,8930182132.58
GWPH,GW Pharmaceuticals Plc,NASDAQ,3549854820.4
HALO,Halozyme Therapeutics Inc,NASDAQ,3266349307
HLNE,Hamilton Lane Incorporated,NASDAQ,3377157939.24
HAS,Hasbro Inc,NASDAQ,9352394546.22
HDS,HD Supply Holdings Inc,NASDAQ,4823951477.96
HQY,HealthEquity Inc,NASDAQ,4073232167.2
HELE,Helen of Troy Limited,NASDAQ,4298750013.58
HSIC,Henry Schein Inc,NASDAQ,8052868893.32
HOLX,Hologic Inc,NASDAQ,13550633981.44
HZNP,Horizon Therapeutics Public Limited Company,NASDAQ,8811099803.595
HTHT,Huazhu Group Limited,NASDAQ,5025261341.25
HBAN,Huntington Bancshares Incorporated,NASDAQ,8377441456.44
HBANO,Huntington Bancshares Incorporated,NASDAQ,20323538354.27
IAC,IAC/InterActiveCorp,NASDAQ,21579458956.2
IEP,Icahn Enterprises LP,NASDAQ,10629733443.2
ICLR,ICON plc,NASDAQ,8515344149.67
ICUI,ICU Medical Inc,NASDAQ,3889409826.8
IDXX,IDEXX Laboratories Inc,NASDAQ,25134213516.17
INFO,IHS Markit Ltd,NASDAQ,27581080449.12
IIVI,II-VI Incorporated,NASDAQ,3865445691.24
ILMN,Illumina Inc,NASDAQ,50588580000
IMMU,Immunomedics Inc,NASDAQ,7832130408.32
INCY,Incyte Corporation,NASDAQ,20967843372.84
PODD,Insulet Corporation,NASDAQ,12696457917.3
IART,Integra LifeSciences Holdings Corporation,NASDAQ,4254030677.42
INTC,Intel Corporation,NASDAQ,253701280000
IBKR,Interactive Brokers Group Inc,NASDAQ,16243068507.7
ICPT,Intercept Pharmaceuticals Inc,NASDAQ,2837387394.27
INTU,Intuit Inc,NASDAQ,75689418876.51
ISRG,Intuitive Surgical Inc,NASDAQ,62788181083.44
QQQ,Invesco QQQ Trust Series 1,NASDAQ,103878652500
IONS,Ionis Pharmaceuticals Inc,NASDAQ,7665444005.94
IOVA,Iovance Biotherapeutics Inc,NASDAQ,4638059364.8
IPGP,IPG Photonics Corporation,NASDAQ,7965801415.18
IQ,iQIYI Inc,NASDAQ,5466627551.97
IRTC,iRhythm Technologies Inc,NASDAQ,3466773783.68
IRDM,Iridium Communications Inc,NASDAQ,2952651686.6
SHY,iShares 1-3 Year Treasury Bond ETF,NASDAQ,23592564000
TLT,iShares 20+ Year Treasury Bond ETF,NASDAQ,18636615000
IEI,iShares 3-7 Year Treasury Bond ETF,NASDAQ,12098192000
IEF,iShares 7-10 Year Treasury Bond ETF,NASDAQ,21403920000
USIG,iShares Broad USD Investment Grade Corporate Bond ETF,NASDAQ,4346123000
ISTB,iShares Core 1-5 Year USD Bond ETF,NASDAQ,3669776000
IXUS,iShares Core MSCI Total International Stock ETF,NASDAQ,17459204000
IUSG,iShares Core S&P US Growth ETF,NASDAQ,8287417500
IUSV,iShares Core S&P US Value ETF,NASDAQ,5856453000
IUSB,iShares Core Total USD Bond Market ETF,NASDAQ,4787328000
ESGE,iShares ESG MSCI EM ETF,NASDAQ,3088970000
ESGU,iShares ESG MSCI USA ETF,NASDAQ,6861995000
IGF,iShares Global Infrastructure ETF,NASDAQ,2979096000
IGIB,iShares Intermediate-Term Corporate Bond ETF,NASDAQ,7963088000
EMB,iShares JP Morgan USD Emerging Markets Bond ETF,NASDAQ,13127622000
MBB,iShares MBS ETF,NASDAQ,21021235000
ACWX,iShares MSCI ACWI ex US Index Fund,NASDAQ,3099816000
ACWI,iShares MSCI ACWI Index Fund,NASDAQ,10309888000
AAXJ,iShares MSCI All Country Asia ex Japan Index Fund,NASDAQ,3632904000
MCHI,iShares MSCI China ETF,NASDAQ,5555220000
SCZ,iShares MSCI EAFE Small-Cap ETF,NASDAQ,8097076000
IBB,iShares Nasdaq Biotechnology Index Fund,NASDAQ,8655566000
PFF,iShares Preferred and Income Securities ETF,NASDAQ,14848480000
IJT,iShares S&P Small-Cap 600 Growth ETF,NASDAQ,3760879500
DVY,iShares Select Dividend ETF,NASDAQ,12755801500
SHV,iShares Short Treasury Bond ETF,NASDAQ,25034238000
IGSB,iShares Short-Term Corporate Bond ETF,NASDAQ,16159766000
JBHT,JB Hunt Transport Services Inc,NASDAQ,10824479371.12
JCOM,j2 Global Inc,NASDAQ,3526509219.6
JKHY,Jack Henry & Associates Inc,NASDAQ,14626652886.76
JAZZ,Jazz Pharmaceuticals plc,NASDAQ,6402829143.48
JD,JDcom Inc,NASDAQ,51471846109.89
YY,JOYY Inc,NASDAQ,3062074671.53
KNSL,Kinsale Capital Group Inc,NASDAQ,3096501287.22
KLAC,KLA Corporation ,NASDAQ,26716474925.14
LRCX,Lam Research Corporation,NASDAQ,37374919100.63
LAMR,Lamar Advertising Company,NASDAQ,6579583857.2
LANC,Lancaster Colony Corporation,NASDAQ,4079247000
LSTR,Landstar System Inc,NASDAQ,4251835991.48
LSCC,Lattice Semiconductor Corporation,NASDAQ,3222875146.68
TREE,LendingTree Inc,NASDAQ,3270554124.45
LHCG,LHC Group,NASDAQ,5059868515.38
LBRDA,Liberty Broadband Corporation,NASDAQ,22742659267.2
LBRDK,Liberty Broadband Corporation,NASDAQ,23124705379.2
LBTYA,Liberty Global plc,NASDAQ,13234357936.8
LBTYB,Liberty Global plc,NASDAQ,13822147643.7
LBTYK,Liberty Global plc,NASDAQ,12943492927.2
FWONA,Liberty Media Corporation,NASDAQ,7206642959.4
FWONK,Liberty Media Corporation,NASDAQ,7621430448.06
LSXMA,Liberty Media Corporation,NASDAQ,10331318860.56
LSXMB,Liberty Media Corporation,NASDAQ,10099130780.6428
LSXMK,Liberty Media Corporation,NASDAQ,10221544677.16
LECO,Lincoln Electric Holdings Inc,NASDAQ,4663658361.45
LFUS,Littelfuse Inc,NASDAQ,3770193407.3
LVGO,Livongo Health Inc,NASDAQ,5774137510
LKQ,LKQ Corporation,NASDAQ,7836295065.78
LOGI,Logitech International SA,NASDAQ,9119197440
LOGM,LogMein Inc,NASDAQ,4141131345.12
LPLA,LPL Financial Holdings Inc,NASDAQ,5394306150
LULU,lululemon athletica inc,NASDAQ,33283542106.45
LITE,Lumentum Holdings Inc,NASDAQ,5337374000
LYFT,Lyft Inc,NASDAQ,9336214545.64
MANH,Manhattan Associates Inc,NASDAQ,4750179748.28
MANT,ManTech International Corporation,NASDAQ,2869817409.36
MKTX,MarketAxess Holdings Inc,NASDAQ,18676846029.24
MAR,Marriott International,NASDAQ,30356839979.36
MRVL,Marvell Technology Group Ltd,NASDAQ,18287570742.98
MASI,Masimo Corporation,NASDAQ,13356765743.02
MTCH,Match Group Inc,NASDAQ,23754369931.6
MAT,Mattel Inc,NASDAQ,2827220729.35
MXIM,Maxim Integrated Products Inc,NASDAQ,14701723563.48
MEDP,Medpace Holdings Inc,NASDAQ,3078287684.7
MLCO,Melco Resorts & Entertainment Limited,NASDAQ,3332180723.76
MELI,MercadoLibre Inc,NASDAQ,39497541844.8
MRCY,Mercury Systems Inc,NASDAQ,4738123941.04
MCHP,Microchip Technology Incorporated,NASDAQ,21782873349.96
MU,Micron Technology Inc,NASDAQ,51071581395.52
MSFT,Microsoft Corporation,NASDAQ,1402253936072.77
MRTX,Mirati Therapeutics Inc,NASDAQ,4626098004
MKSI,MKS Instruments Inc,NASDAQ,5350225838.06
MRNA,Moderna Inc,NASDAQ,29697909200
MNTA,Momenta Pharmaceuticals Inc,NASDAQ,3696230136.52
MOMO,Momo Inc,NASDAQ,3552292592.41
MDLZ,Mondelez International Inc,NASDAQ,72757843240.14
MDB,MongoDB Inc,NASDAQ,11177639345.01
MPWR,Monolithic Power Systems Inc,NASDAQ,9163646800
MNST,Monster Beverage Corporation,NASDAQ,35079666499.04
MORN,Morningstar Inc,NASDAQ,6126263488.68
MYL,Mylan NV,NASDAQ,8508905976.2
MYOK,MyoKardia Inc,NASDAQ,5140023768.88
NDAQ,Nasdaq Inc,NASDAQ,18858302349.6
NTRA,Natera Inc,NASDAQ,3615853947.6
NATI,National Instruments Corporation,NASDAQ,4858136752.8
NKTR,Nektar Therapeutics,NASDAQ,4026130565.34
NEOG,Neogen Corporation,NASDAQ,3566190076.8
NEO,NeoGenomics Inc,NASDAQ,3141186860.7
NTAP,NetApp Inc,NASDAQ,9875554344.85
NTES,NetEase Inc,NASDAQ,27860441480.68
NFLX,Netflix Inc,NASDAQ,199046510160.3
NBIX,Neurocrine Biosciences Inc,NASDAQ,11553349703.61
NWL,Newell Brands Inc,NASDAQ,5369106000
NWS,News Corporation,NASDAQ,6638134555.68
NWSA,News Corporation,NASDAQ,6567516102.96
NXST,Nexstar Media Group Inc,NASDAQ,3556304010.18
NICE,NICE Ltd,NASDAQ,8136709098.84
NBL,Noble Energy Inc,NASDAQ,4720234971.84
NDSN,Nordson Corporation,NASDAQ,10010096662.86
NTRS,Northern Trust Corporation,NASDAQ,15799471613.84
NLOK,NortonLifeLock Inc,NASDAQ,11971660628.96
NCLH,Norwegian Cruise Line Holdings Ltd,NASDAQ,3301703532.96
NOVT,Novanta Inc,NASDAQ,3413582988.2
NVAX,Novavax Inc,NASDAQ,3301321115.52
NVCR,NovoCure Limited,NASDAQ,6552724845.8
NUAN,Nuance Communications Inc,NASDAQ,5811058901.32
NTNX,Nutanix Inc,NASDAQ,4132493847.46
NUVA,NuVasive Inc,NASDAQ,3203028562.5
NVDA,NVIDIA Corporation,NASDAQ,215303437751.04
NXPI,NXP Semiconductors NV,NASDAQ,28477644114.26
OKTA,Okta Inc,NASDAQ,22354293547.77
ODFL,Old Dominion Freight Line Inc,NASDAQ,18217094547.6
OLLI,Ollie&#39;s Bargain Outlet Holdings Inc,NASDAQ,4935376456.64
OMCL,Omnicell Inc,NASDAQ,2763887091.05
ON,ON Semiconductor Corporation,NASDAQ,6400422799.19
OTEX,Open Text Corporation,NASDAQ,10876031125.96
ORLY,O&#39;Reilly Automotive Inc,NASDAQ,30424349219.16
PCAR,PACCAR Inc,NASDAQ,24190511193
PAAS,Pan American Silver Corp,NASDAQ,5250052925
PAYX,Paychex Inc,NASDAQ,23793594803.55
PCTY,Paylocity Holding Corporation,NASDAQ,6388654468
PYPL,PayPal Holdings Inc,NASDAQ,171683077519.68
PEGA,Pegasystems Inc,NASDAQ,6996720669.12
PTON,Peloton Interactive Inc,NASDAQ,12351757681.13
PENN,Penn National Gaming Inc,NASDAQ,2969591533
PBCT,People&#39;s United Financial Inc,NASDAQ,4900548807.86
PEP,Pepsico Inc,NASDAQ,188034058680.16
PPC,Pilgrim&#39;s Pride Corporation,NASDAQ,5288826071.97
PDD,Pinduoduo Inc,NASDAQ,18221332816.74
PNFP,Pinnacle Financial Partners Inc,NASDAQ,2813961356.5
POOL,Pool Corporation,NASDAQ,9167598889.44
BPOP,Popular Inc,NASDAQ,3218622619.95
POWI,Power Integrations Inc,NASDAQ,3235261473.6
PPD,PPD Inc,NASDAQ,9620928639.6
PRAH,PRA Health Sciences Inc,NASDAQ,6017404628.06
PFG,Principal Financial Group Inc,NASDAQ,10070117902.9
PFPT,Proofpoint Inc,NASDAQ,6539468344.56
TQQQ,ProShares UltraPro QQQ,NASDAQ,5690718000
PTC,PTC Inc,NASDAQ,7979513876.07
PTCT,PTC Therapeutics Inc,NASDAQ,3256345330.44
QGEN,Qiagen NV,NASDAQ,9655858160
QRVO,Qorvo Inc,NASDAQ,11457405359.04
QCOM,QUALCOMM Incorporated,NASDAQ,89926742721.2
QLYS,Qualys Inc,NASDAQ,4236789183.75
QDEL,Quidel Corporation,NASDAQ,7677417748.4
QRTEA,Qurate Retail Inc,NASDAQ,3221441555.5
QRTEB,Qurate Retail Inc,NASDAQ,3208939195
ROLL,RBC Bearings Incorporated,NASDAQ,2976718466.08
RP,RealPage Inc,NASDAQ,6263072900.7
RETA,Reata Pharmaceuticals Inc,NASDAQ,5079667409.93
REG,Regency Centers Corporation,NASDAQ,7008223085.245
REGN,Regeneron Pharmaceuticals Inc,NASDAQ,63043983598.68
RGEN,Repligen Corporation,NASDAQ,7098412518.24
REYN,Reynolds Consumer Products Inc,NASDAQ,7381457600
ROKU,Roku Inc,NASDAQ,14291814187.65
ROST,Ross Stores Inc,NASDAQ,32208727797.72
RGLD,Royal Gold Inc,NASDAQ,8806227825.24
RYAAY,Ryanair Holdings plc,NASDAQ,5685544922.53
SBRA,Sabra Health Care REIT Inc,NASDAQ,2783273680.24
SAFM,Sanderson Farms Inc,NASDAQ,3157551611.55
SNY,Sanofi,NASDAQ,9911646730.32
SRPT,Sarepta Therapeutics Inc,NASDAQ,11446407956.88
SBAC,SBA Communications Corporation,NASDAQ,32296428555.71
SDGR,Schrodinger Inc,NASDAQ,3737653660.05
STX,Seagate Technology PLC,NASDAQ,12672138302.7
SGEN,Seattle Genetics Inc,NASDAQ,27514528407.85
SEIC,SEI Investments Company,NASDAQ,7800451987.15
SIGI,Selective Insurance Group Inc,NASDAQ,3042698276.8
SMTC,Semtech Corporation,NASDAQ,3024080152.9
SBNY,Signature Bank,NASDAQ,5341898087.28
SLGN,Silgan Holdings Inc,NASDAQ,3709750452.38
SLAB,Silicon Laboratories Inc,NASDAQ,4271306147.76
SIRI,Sirius XM Holdings Inc,NASDAQ,24128950252.28
SWKS,Skyworks Solutions Inc,NASDAQ,18800737909.07
SLM,SLM Corporation,NASDAQ,2850733080.8
SEDG,SolarEdge Technologies Inc,NASDAQ,6352711552
SPLK,Splunk Inc,NASDAQ,24621492020.88
SFM,Sprouts Farmers Market Inc,NASDAQ,2961155325.12
SSNC,SS&C Technologies Holdings Inc,NASDAQ,14572528036
STMP,Stampscom Inc,NASDAQ,3389841992.76
SBUX,Starbucks Corporation,NASDAQ,89059509000
STLD,Steel Dynamics Inc,NASDAQ,5123690418.84
SRCL,Stericycle Inc,NASDAQ,4718948069.38
STNE,StoneCo Ltd,NASDAQ,6759865816.4
STRA,Strategic Education Inc,NASDAQ,3764485777.08
SIVB,SVB Financial Group,NASDAQ,9656669533.42
SYNH,Syneos Health Inc,NASDAQ,6044933279.21
SNPS,Synopsys Inc,NASDAQ,24016812871.8
TROW,T Rowe Price Group Inc,NASDAQ,26673280065.26
TTWO,Take-Two Interactive Software Inc,NASDAQ,15372398496.19
TNDM,Tandem Diabetes Care Inc,NASDAQ,5068484134.74
TCF,TCF Financial Corporation,NASDAQ,3985254070.8
AMTD,TD Ameritrade Holding Corporation,NASDAQ,19208216175.89
TECD,Tech Data Corporation,NASDAQ,4744766533.82
TENB,Tenable Holdings Inc,NASDAQ,2942361408
TER,Teradyne Inc,NASDAQ,10053846909.8
TERP,TerraForm Power Inc,NASDAQ,4365065239.03
TSLA,Tesla Inc ,NASDAQ,150823492161.15
TTEK,Tetra Tech Inc,NASDAQ,4028183779.2
TXN,Texas Instruments Incorporated,NASDAQ,105011545583.22
TXRH,Texas Roadhouse Inc,NASDAQ,3366425750.28
TFSL,TFS Financial Corporation,NASDAQ,4176886952.7
CG,The Carlyle Group Inc,NASDAQ,8730875660.72
DSGX,The Descartes Systems Group Inc,NASDAQ,3750005440.96
HAIN,The Hain Celestial Group Inc,NASDAQ,2969925321.66
KHC,The Kraft Heinz Company,NASDAQ,37717987117.86
MIDD,The Middleby Corporation,NASDAQ,3582134093.6
TTD,The Trade Desk Inc,NASDAQ,13666900723.56
TMUS,T-Mobile US Inc,NASDAQ,125918120609.76
TSCO,Tractor Supply Company,NASDAQ,12691561971.2
TW,Tradeweb Markets Inc,NASDAQ,14043609649.52
TRMB,Trimble Inc,NASDAQ,9650797999.92
TCOM,Tripcom Group Limited,NASDAQ,13351578301.2
ULTA,Ulta Beauty Inc,NASDAQ,11969705313.32
RARE,Ultragenyx Pharmaceutical Inc,NASDAQ,4337193629.51
UAL,United Airlines Holdings Inc,NASDAQ,7008128093.19
UBSI,United Bankshares Inc,NASDAQ,3363895267.2
UTHR,United Therapeutics Corporation,NASDAQ,5248909760.24
OLED,Universal Display Corporation,NASDAQ,7038548636
VLY,Valley National Bancorp,NASDAQ,3093113798.62
VNQI,Vanguard Global ex-US Real Estate ETF,NASDAQ,4273036153.2
VCIT,Vanguard Intermediate-Term Corporate Bond ETF,NASDAQ,28109827549.68
VGIT,Vanguard Intermediate-Term Treasury ETF,NASDAQ,6145436595.61
VCLT,Vanguard Long-Term Corporate Bond ETF,NASDAQ,3553509795.32
VMBS,Vanguard Mortgage-Backed Securities ETF,NASDAQ,10973901082.64
VONG,Vanguard Russell 1000 Growth ETF,NASDAQ,3711340614.87
VCSH,Vanguard Short-Term Corporate Bond ETF,NASDAQ,25234368586.7
VTIP,Vanguard Short-Term Inflation-Protected Securities Index Fund,NASDAQ,7128900557.1
VGSH,Vanguard Short-Term Treasury ETF,NASDAQ,8507776939.2
BND,Vanguard Total Bond Market ETF,NASDAQ,52298568939.42
BNDX,Vanguard Total International Bond ETF,NASDAQ,26553671997.1
VXUS,Vanguard Total International Stock ETF,NASDAQ,18160503361.68
VRNT,Verint Systems Inc,NASDAQ,2808801979.8
VRSN,VeriSign Inc,NASDAQ,25081309450.08
VRSK,Verisk Analytics Inc,NASDAQ,25688862453.52
VRTX,Vertex Pharmaceuticals Incorporated,NASDAQ,73668291328.17
VIAC,ViacomCBS Inc,NASDAQ,11722861822.2
VIACA,ViacomCBS Inc,NASDAQ,13815131123.8
VIR,Vir Biotechnology Inc,NASDAQ,4727863262.7
VIRT,Virtu Financial Inc,NASDAQ,4357075628.29
VOD,Vodafone Group Plc,NASDAQ,6115648670.81
WBA,Walgreens Boots Alliance Inc,NASDAQ,35843217167.7
WB,Weibo Corporation,NASDAQ,2729896241.4
WEN,Wendy&#39;s Company (The),NASDAQ,4580791204.55
WERN,Werner Enterprises Inc,NASDAQ,2992837403.52
WDC,Western Digital Corporation,NASDAQ,12701329736.16
WLTW,Willis Towers Watson Public Limited Company,NASDAQ,26357345375.34
WING,Wingstop Inc,NASDAQ,3594974038.88
DGRW,WisdomTree US Quality Dividend Growth Fund,NASDAQ,3115287000
WIX,Wixcom Ltd,NASDAQ,10056640994.4
WWD,Woodward Inc,NASDAQ,3805892727
WDAY,Workday Inc,NASDAQ,35121467400.48
WMGI,Wright Medical Group NV,NASDAQ,3802182872.5
WYNN,Wynn Resorts Limited,NASDAQ,8788027468.08
XEL,Xcel Energy Inc,NASDAQ,31578521406.6
XLNX,Xilinx Inc,NASDAQ,21193892364.56
XP,XP Inc,NASDAQ,15213134987.82
YNDX,Yandex NV,NASDAQ,13408756483.32
ZLAB,Zai Lab Limited,NASDAQ,3301828876.06
ZBRA,Zebra Technologies Corporation,NASDAQ,12518990791.2
Z,Zillow Group Inc,NASDAQ,10565298456.66
ZG,Zillow Group Inc,NASDAQ,10526972101.92
ZION,Zions Bancorporation NA,NASDAQ,4955185368
ZM,Zoom Video Communications Inc,NASDAQ,46435126624.67
ZS,Zscaler Inc,NASDAQ,9547439898.37
ZNGA,Zynga Inc,NASDAQ,7613320977.64
MMM,3M Company,NYSE,85859562299.17
WUBA,58com Inc,NYSE,7783956104.96
AOS,AO Smith Corporation,NYSE,7009605964.5
ABB,ABB Ltd,NYSE,39855190003.76
ABT,Abbott Laboratories,NYSE,159673667578.02
ABBV,AbbVie Inc,NYSE,161201442406.05
ACN,Accenture plc,NYSE,122900384541
AYI,Acuity Brands Inc ,NYSE,3368334516.32
ADT,ADT Inc,NYSE,4851931165.2
AAP,Advance Auto Parts Inc,NYSE,9058320673.92
ADSW,Advanced Disposal Services Inc,NYSE,2936348679.44
WMS,Advanced Drainage Systems Inc,NYSE,2785141819.82
ACM,AECOM,NYSE,5553377858.98
AEG,Aegon NV,NYSE,5069793609.4
AER,Aercap Holdings NV,NYSE,3787993373.76
AJRD,Aerojet Rocketdyne Holdings Inc ,NYSE,3171736549.52
AMG,Affiliated Managers Group Inc,NYSE,3146081236.2
AFL,Aflac Incorporated,NYSE,24933400185.25
AGCO,AGCO Corporation,NYSE,3690232284.72
A,Agilent Technologies Inc,NYSE,25905432693.94
AEM,Agnico Eagle Mines Limited,NYSE,15962089993.96
ADC,Agree Realty Corporation,NYSE,3356707603.32
AL,Air Lease Corporation,NYSE,2967230792.82
APD,Air Products and Chemicals Inc,NYSE,52773217900.65
AGI,Alamos Gold Inc,NYSE,3176966126.32
ALK,Alaska Air Group Inc,NYSE,3561105056.6
ALB,Albemarle Corporation,NYSE,6796948993.02
ALC,Alcon Inc,NYSE,29539903635
ARE,Alexandria Real Estate Equities Inc,NYSE,18343682087.76
AQN,Algonquin Power & Utilities Corp,NYSE,7216823108.11
BABA,Alibaba Group Holding Limited,NYSE,577536614544.24
Y,Alleghany Corporation,NYSE,6970389199.02
ALLE,Allegion plc,NYSE,8842075460.64
ALE,Allete Inc,NYSE,2770108667.88
ALSN,Allison Transmission Holdings Inc,NYSE,4089073340.01
ALL,Allstate Corporation (The),NYSE,31110058048.8
ALLY,Ally Financial Inc,NYSE,6183187993.74
AYX,Alteryx Inc,NYSE,8506360091.84
ATUS,Altice USA Inc,NYSE,14375089470.56
MO,Altria Group,NYSE,69874638980.8
ACH,Aluminum Corporation of China Limited,NYSE,3581570388.68
ABEV,Ambev SA,NYSE,33511476945.84
AMCR,Amcor plc,NYSE,15177576025.08
AEE,Ameren Corporation,NYSE,17832939169.13
AMOV,America Movil SAB de CV,NYSE,42028468310.92
AMX,America Movil SAB de CV,NYSE,42853202775.42
ACC,American Campus Communities Inc,NYSE,4106116698.48
AEP,American Electric Power Company Inc,NYSE,39587180664.04
AXP,American Express Company,NYSE,71167530226.59
AFG,American Financial Group Inc,NYSE,5211714406.55
AMH,American Homes 4 Rent,NYSE,7195747591.44
AIG,American International Group Inc,NYSE,24503718964.05
AWR,American States Water Company,NYSE,2903121615.41
AMT,American Tower Corporation (REIT),NYSE,104633618325.11
AWK,American Water Works,NYSE,22177118174.22
COLD,Americold Realty Trust,NYSE,6965786535.52
AMP,AMERIPRISE FINANCIAL SERVICES INC,NYSE,16139953128.64
ABC,AmerisourceBergen Corporation (Holding Co),NYSE,18143527084
APH,Amphenol Corporation,NYSE,26168897994.36
AME,AMTEK Inc,NYSE,19107104788.32
PLAN,Anaplan Inc,NYSE,6119673094.28
AU,AngloGold Ashanti Limited,NYSE,11094871032.21
BUD,Anheuser-Busch Inbev SA,NYSE,84468834121.86
AXE,Anixter International Inc,NYSE,3215860924.2
NLY,Annaly Capital Management Inc,NYSE,8868631267.6
ANTM,Anthem Inc,NYSE,70582422516.12
AON,Aon plc,NYSE,45486689514.56
APA,Apache Corporation,NYSE,4498918313.36
AIV,Apartment Investment and Management Company,NYSE,5432052651.05
APO,Apollo Global Management Inc,NYSE,9956571734.51
ATR,AptarGroup Inc,NYSE,6685050637.4
APTV,Aptiv PLC,NYSE,17887187503.9
ARMK,Aramark,NYSE,6469492738.02
MT,ArcelorMittal,NYSE,9444468875.05
ADM,Archer-Daniels-Midland Company,NYSE,19886764318
ARES,Ares Management Corporation,NYSE,4592396382.12
ANET,Arista Networks Inc,NYSE,16323407739.92
AWI,Armstrong World Industries Inc,NYSE,3491774066.6
ARW,Arrow Electronics Inc,NYSE,5187356578.32
AJG,Arthur J Gallagher & Co,NYSE,17122776300
ASX,ASE Technology Holding Co Ltd,NYSE,9098879231.82
ASGN,ASGN Incorporated,NYSE,3037650000
ASH,Ashland Global Holdings Inc,NYSE,3715628156.94
AIZ,Assurant Inc,NYSE,5863219849.08
AZN,Astrazeneca PLC,NYSE,140278661461.8
T,AT&T Inc,NYSE,209831250000
ATH,Athene Holding Ltd,NYSE,5362525827.23
ATO,Atmos Energy Corporation,NYSE,12050130260.76
ATHM,Autohome Inc,NYSE,8996286161.95
ALV,Autoliv Inc,NYSE,5436272991.6
AN,AutoNation Inc,NYSE,3419705325.72
AZO,AutoZone Inc,NYSE,25290681690
AVLR,Avalara Inc,NYSE,7936335140.8
AVB,AvalonBay Communities Inc,NYSE,22303103080.16
AGR,Avangrid Inc,NYSE,12669224885
AVTR,Avantor Inc,NYSE,10509717859.08
AVY,Avery Dennison Corporation,NYSE,8708200257.15
AXTA,Axalta Coating Systems Ltd,NYSE,4940638710
AXS,Axis Capital Holdings Limited,NYSE,3058486936.08
BKR,Baker Hughes Company,NYSE,15837976974.3
BLL,Ball Corporation,NYSE,20978213770.8
BBVA,Banco Bilbao Viscaya Argentaria SA,NYSE,20099256089.22
BBD,Banco Bradesco Sa,NYSE,27478488606.13
BBDO,Banco Bradesco Sa,NYSE,25711383229.53
BCH,Banco De Chile,NYSE,8455129679.7
BSBR,Banco Santander Brasil SA,NYSE,32304555624.99
BSAC,Banco Santander Chile,NYSE,7547266305
BSMX,Banco Santander Mexico SA Institucion de Ban,NYSE,3787142850.09
SAN,Banco Santander SA,NYSE,35212530412.84
CIB,BanColombia SA,NYSE,5773366567.5
BAC,Bank of America Corporation,NYSE,198931759037.64
BMO,Bank Of Montreal,NYSE,30503887314.03
BNS,Bank of Nova Scotia (The),NYSE,46426605346.83
BCS,Barclays PLC,NYSE,22408867780.42
GOLD,Barrick Gold Corporation,NYSE,48360419819.2
BHC,Bausch Health Companies Inc,NYSE,6112911543.76
BAX,Baxter International Inc,NYSE,44177161054.5
BCE,BCE Inc,NYSE,35657642315.04
BDX,Becton Dickinson and Company,NYSE,74897062104.26
BERY,Berry Global Group Inc,NYSE,5579575000
BBY,Best Buy Co Inc,NYSE,22443991724.52
BHP,BHP Group Limited,NYSE,113272189884.84
BBL,BHP Group Plc,NYSE,94617813303.16
BILL,Billcom Holdings Inc,NYSE,5524696505.24
BHVN,Biohaven Pharmaceutical Holding Company Ltd,NYSE,2954703032.96
BIO,Bio-Rad Laboratories Inc,NYSE,13976735115.78
BJ,BJ&#39;s Wholesale Club Holdings Inc,NYSE,4007498654.61
BKH,Black Hills Corporation,NYSE,3718548822.02
BKI,Black Knight Inc,NYSE,11215248502.35
BLK,BlackRock Inc,NYSE,80171920425.1
BA,Boeing Company (The),NYSE,76432224591.36
BAH,Booz Allen Hamilton Holding Corporation,NYSE,9906162337.8
BWA,BorgWarner Inc,NYSE,6123935627.6
SAM,Boston Beer Company Inc (The),NYSE,6079891525.74
BXP,Boston Properties Inc,NYSE,12574024581.13
BSX,Boston Scientific Corporation,NYSE,50964331443.24
BP,BP plc,NYSE,79383503052.62
BAK,Braskem SA,NYSE,3736007938.8
BRFS,BRF SA,NYSE,3125275230
BFAM,Bright Horizons Family Solutions Inc,NYSE,6543407940.48
BMY,Bristol-Myers Squibb Company,NYSE,143907068418
BTI,British American Tobacco plc,NYSE,87500920994.18
BRX,Brixmor Property Group Inc,NYSE,3231298961.4
BR,Broadridge Financial Solutions Inc,NYSE,13713799691.76
BAM,Brookfield Asset Management Inc,NYSE,48460191372.84
BIP,Brookfield Infrastructure Partners LP,NYSE,11654101620.9
BEP,Brookfield Renewable Partners LP,NYSE,9156504248
BRO,Brown & Brown Inc,NYSE,10928045708
BC,Brunswick Corporation,NYSE,4247615249.68
BG,Bunge Limited,NYSE,5036405642.97
BURL,Burlington Stores Inc,NYSE,11747336845.31
BWXT,BWX Technologies Inc,NYSE,5498500114.62
CABO,Cable One Inc,NYSE,11056488516.9
COG,Cabot Oil & Gas Corporation,NYSE,7361689669.7
CACI,CACI International Inc,NYSE,5999147586.74
CAE,CAE Inc,NYSE,3981638208.73
CPT,Camden Property Trust,NYSE,8853886429.8
CCJ,Cameco Corporation,NYSE,3878817773.6
CPB,Campbell Soup Company,NYSE,15370871095.62
CM,Canadian Imperial Bank of Commerce,NYSE,26942145893.52
CNI,Canadian National Railway Company,NYSE,57544566610.16
CNQ,Canadian Natural Resources Limited,NYSE,22147609507.22
CP,Canadian Pacific Railway Limited,NYSE,31654522404.4
CNNE,Cannae Holdings Inc,NYSE,2751495000
CAJ,Canon Inc,NYSE,21375350568.04
CGC,Canopy Growth Corporation,NYSE,5725095935.04
COF,Capital One Financial Corporation,NYSE,28866659262.2
BXMT,Capital Trust Inc,NYSE,3111833658.34
CAH,Cardinal Health Inc,NYSE,15244611092.62
CSL,Carlisle Companies Incorporated,NYSE,6289721618.82
KMX,CarMax Inc,NYSE,12966146173.75
CCL,Carnival Corporation,NYSE,11514418416.64
CUK,Carnival Corporation,NYSE,9009608386.52
CARR,Carrier Global Corporation,NYSE,15201088870.5
CRI,Carter&#39;s Inc,NYSE,3591417997.68
CVNA,Carvana Co,NYSE,16293311211.75
CTLT,Catalent Inc,NYSE,11731937786.1
CAT,Caterpillar Inc,NYSE,62253345896.28
CBRE,CBRE Group Inc,NYSE,13101670602.9
CE,Celanese Corporation,NYSE,9967878390.38
CX,Cemex SAB de CV,NYSE,3081854793.36
CVE,Cenovus Energy Inc,NYSE,5455777095
CNC,Centene Corporation,NYSE,39230226775.32
CNP,CenterPoint Energy Inc,NYSE,8791470072.99
EBR,Centrais Electricas Brasileiras SA- Eletrobras,NYSE,6730713603.9
CTL,CenturyLink Inc,NYSE,10634795562.18
CDAY,Ceridian HCM Holding Inc,NYSE,9225681994.8
CF,CF Industries Holdings Inc,NYSE,5642110140.03
GIB,CGI Inc,NYSE,14232421766.32
CRL,Charles River Laboratories International Inc,NYSE,8500951927.86
CHGG,Chegg Inc,NYSE,7690811056
CHE,Chemed Corp,NYSE,7393414999.64
CVX,Chevron Corporation,NYSE,172788874057.5
CHWY,Chewy Inc,NYSE,16489557023.68
CEA,China Eastern Airlines Corporation Ltd,NYSE,5952313643.28
LFC,China Life Insurance Company Limited,NYSE,55511880620
CHL,China Mobile (Hong Kong) Ltd,NYSE,152419494670.38
SNP,China Petroleum & Chemical Corporation,NYSE,58501608478.72
ZNH,China Southern Airlines Company Limited,NYSE,5722035694.76
CHA,China Telecom Corp Ltd,NYSE,26319206171.16
CHU,China Unicom (Hong Kong) Ltd,NYSE,19643995826.28
CMG,Chipotle Mexican Grill Inc,NYSE,27851136147.78
CHH,Choice Hotels International Inc,NYSE,4301784232.74
CB,Chubb Limited,NYSE,47545968501.4
CHT,Chunghwa Telecom Co Ltd,NYSE,28974062826.9
CHD,Church & Dwight Company Inc,NYSE,17972298831.71
CIEN,Ciena Corporation,NYSE,7883937448.8
CI,Cigna Corporation,NYSE,71401510213.84
XEC,Cimarex Energy Co,NYSE,2744467299.84
C,Citigroup Inc,NYSE,95076171771.03
CFG,Citizens Financial Group Inc,NYSE,9206439250.06
CCC,Clarivate Plc,NYSE,8598036893.4
CLH,Clean Harbors Inc,NYSE,3029066781.5
CWEN,Clearway Energy Inc,NYSE,4173597300.6
CLX,Clorox Company (The),NYSE,25684202181.1
NET,Cloudflare Inc,NYSE,8523675512.66
CMS,CMS Energy Corporation,NYSE,16054162364.48
CNA,CNA Financial Corporation,NYSE,7508976631.66
CNHI,CNH Industrial NV,NYSE,8118181166.2
KOF,Coca Cola Femsa SAB de CV,NYSE,68033351948.32
KO,Coca-Cola Company (The),NYSE,193141264144.41
CCEP,Coca-Cola European Partners plc,NYSE,16735655196.15
CNS,Cohen & Steers Inc,NYSE,3067133517.25
CFX,Colfax Corporation,NYSE,3272936022.3
CL,Colgate-Palmolive Company,NYSE,60145428110.1
CMA,Comerica Incorporated,NYSE,4678518227.05
CBU,Community Bank System Inc,NYSE,2918879712.32
SBS,Companhia de saneamento Basico Do Estado De Sao Paulo - Sabesp,NYSE,4866590267.28
ELP,Companhia Paranaense de Energia (COPEL),NYSE,2835069685
CAG,ConAgra Brands Inc,NYSE,16565465133.05
CXO,Concho Resources Inc,NYSE,11658502646.6
COP,ConocoPhillips,NYSE,46757737063.2
ED,Consolidated Edison Inc,NYSE,24426200290.62
STZ,Constellation Brands Inc,NYSE,32495612644.56
CLR,Continental Resources Inc,NYSE,5360443382.92
CLGX,CoreLogic Inc,NYSE,3587807006.82
COR,CoreSite Realty Corporation,NYSE,4643160742.5
GLW,Corning Incorporated,NYSE,15957079014.78
CTVA,Corteva Inc,NYSE,17968363700
CUZ,Cousins Properties Incorporated,NYSE,3799645270.2
CR,Crane Co,NYSE,3043290730.14
BAP,Credicorp Ltd,NYSE,10832341410
CS,Credit Suisse Group,NYSE,20319662436.92
CRH,CRH PLC,NYSE,23575895890.96
CCI,Crown Castle International Corporation,NYSE,65179892372
CCK,Crown Holdings Inc,NYSE,8444147141.1
CUBE,CubeSmart,NYSE,4828082899.38
CFR,Cullen/Frost Bankers Inc,NYSE,4379988647.88
CMI,Cummins Inc,NYSE,23903651714.58
CW,Curtiss-Wright Corporation,NYSE,3939361321.74
CVS,CVS Health Corporation,NYSE,83300898595.9
DHI,DR Horton Inc,NYSE,18871247717.1
DHR,Danaher Corporation,NYSE,114706987749.12
DRI,Darden Restaurants Inc,NYSE,9795179679.75
DAR,Darling Ingredients Inc,NYSE,3520410717
DVA,DaVita Inc,NYSE,9830478000
DECK,Deckers Outdoor Corporation,NYSE,4281261183.39
DE,Deere & Company,NYSE,43248197862.1
DELL,Dell Technologies Inc,NYSE,32374157754.18
DAL,Delta Air Lines Inc,NYSE,13942878699.02
DB,Deutsche Bank AG,NYSE,14721311000
DVN,Devon Energy Corporation,NYSE,5021024000
DEO,Diageo plc,NYSE,81861881716.2
DLR,Digital Realty Trust Inc,NYSE,35264382715.77
DFS,Discover Financial Services,NYSE,12576709862.56
DLB,Dolby Laboratories,NYSE,5580515057.04
DG,Dollar General Corporation,NYSE,45788314488.4
D,Dominion Energy Inc,NYSE,67014192350
DPZ,Domino&#39;s Pizza Inc,NYSE,14258466531
DCI,Donaldson Company Inc,NYSE,5755425101.2
DEI,Douglas Emmett Inc,NYSE,4908743059.14
DOV,Dover Corporation,NYSE,13030083164.16
DOW,Dow Inc,NYSE,27214450069.62
RDY,Dr Reddy&#39;s Laboratories Ltd,NYSE,8173980533.38
DTE,DTE Energy Company,NYSE,19885250697.68
DNP,Duff & Phelps Utilities Income Inc,NYSE,3184762961.25
DUK,Duke Energy Corporation,NYSE,62403677611.88
DRE,Duke Realty Corporation,NYSE,11954001124.45
DD,DuPont de Nemours Inc,NYSE,35295648109.8
DXC,DXC Technology Company,NYSE,4244746039.52
DT,Dynatrace Inc,NYSE,9798962565.6
EGP,EastGroup Properties Inc,NYSE,4069091793.27
EMN,Eastman Chemical Company,NYSE,8551825655.94
ETN,Eaton Corporation PLC,NYSE,31308000000
EV,Eaton Vance Corporation,NYSE,4047876448.56
ECL,Ecolab Inc,NYSE,59254546967.28
EC,Ecopetrol SA,NYSE,21689056443.7
EIX,Edison International,NYSE,20799773527.74
EW,Edwards Lifesciences Corporation,NYSE,45883160000
EE,El Paso Electric Company,NYSE,2778453151.24
ELAN,Elanco Animal Health Incorporated,NYSE,7862207894.73
ESTC,Elastic NV,NYSE,5843023043
LLY,Eli Lilly and Company,NYSE,151080912766.08
EME,EMCOR Group Inc,NYSE,3398273711.96
EBS,Emergent Biosolutions Inc,NYSE,4693332717.12
EMR,Emerson Electric Company,NYSE,33709556426
ENB,Enbridge Inc,NYSE,64803209664
EHC,Encompass Health Corporation,NYSE,6960345942.24
ENIA,Enel Americas SA,NYSE,11854247253.8
ENIC,Enel Chile SA,NYSE,5339658215.84
ENR,Energizer Holdings Inc,NYSE,2986790515.58
ET,Energy Transfer LP,NYSE,21042547440.31
E,ENI SpA,NYSE,33474790220.5
ETR,Entergy Corporation,NYSE,19900099478.28
EPD,Enterprise Products Partners LP,NYSE,39715990415.31
ENV,Envestnet Inc,NYSE,3657656132.05
EOG,EOG Resources Inc,NYSE,30522489146.04
EPAM,EPAM Systems Inc,NYSE,12348060031.48
EQM,EQM Midstream Partners LP,NYSE,3927172935.9
EQT,EQT Corporation,NYSE,3291149055.6
EFX,Equifax Inc,NYSE,17734368515.7
EQNR,Equinor ASA,NYSE,47536652968.41
EQH,Equitable Holdings Inc,NYSE,8190992291.58
EQC,Equity Commonwealth,NYSE,4032668638.8
ELS,Equity Lifestyle Properties Inc,NYSE,10990749195.58
EQR,Equity Residential,NYSE,22498714743.36
ESNT,Essent Group Ltd,NYSE,2865993185.18
WTRG,Essential Utilities Inc,NYSE,10103052139.32
ESS,Essex Property Trust Inc,NYSE,15739415613
EL,Estee Lauder Companies Inc (The),NYSE,64169755084.5
RE,Everest Re Group Ltd,NYSE,7212057845.04
EVRG,Evergy Inc,NYSE,13359548433.48
ES,Eversource Energy,NYSE,26848114771.8
EXR,Extra Space Storage Inc,NYSE,11247314499.57
XOM,Exxon Mobil Corporation,NYSE,191807714245.32
FDS,FactSet Research Systems Inc,NYSE,11032415705.47
FICO,Fair Isaac Corporation,NYSE,10634709311.63
FTCH,Farfetch Limited,NYSE,4894212297.6
FSLY,Fastly Inc,NYSE,3760515000
FRT,Federal Realty Investment Trust,NYSE,5961396370.44
FDX,FedEx Corporation,NYSE,31138361159.01
RACE,Ferrari NV,NYSE,40379911601.12
FCAU,Fiat Chrysler Automobiles NV,NYSE,17091198918.64
FNF,Fidelity National Financial Inc,NYSE,7447738199.94
FIS,Fidelity National Information Services Inc,NYSE,84235462473.44
FAF,First American Corporation (The),NYSE,5291387089.2
FR,First Industrial Realty Trust Inc,NYSE,4611277131.25
FRC,FIRST REPUBLIC BANK,NYSE,17332080050.88
FE,FirstEnergy Corp,NYSE,22271494401.45
FLT,FleetCor Technologies Inc,NYSE,19925657653.72
FND,Floor & Decor Holdings Inc,NYSE,4880258645.4
FLO,Flowers Foods Inc,NYSE,4908511348
FLS,Flowserve Corporation,NYSE,3303897261.14
FMC,FMC Corporation,NYSE,11757687722.72
FMX,Fomento Economico Mexicano SAB de CV,NYSE,117974120121.9
FL,Foot Locker Inc,NYSE,2813162670
F,Ford Motor Company,NYSE,21118082097.33
FTS,Fortis Inc,NYSE,17305719721.6
FTV,Fortive Corporation,NYSE,19938513565.23
FBHS,Fortune Brands Home & Security Inc,NYSE,8334754839.84
FNV,Franco-Nevada Corporation,NYSE,27967573064.16
BEN,Franklin Resources Inc,NYSE,9083917248.56
FCX,Freeport-McMoran Inc,NYSE,13329091705.32
FMS,Fresenius Medical Care Corporation,NYSE,23520334107.36
FCN,FTI Consulting Inc,NYSE,4540829716.8
GPS,Gap Inc (The),NYSE,2914040553.74
IT,Gartner Inc,NYSE,10594003543.2
GTES,Gates Industrial Corporation plc,NYSE,2811281488.58
GNRC,Generac Holdlings Inc,NYSE,6983345246.54
GD,General Dynamics Corporation,NYSE,40011866039.2
GE,General Electric Company,NYSE,54844266840
GIS,General Mills Inc,NYSE,37326034570.44
GM,General Motors Company,NYSE,36016116988.68
G,Genpact Limited,NYSE,6661026902.64
GPC,Genuine Parts Company,NYSE,11152762401.42
GGB,Gerdau SA,NYSE,3570316260
GFL,GFL Environmental Inc,NYSE,5589281523.98
GSK,GlaxoSmithKline PLC,NYSE,103552597371.84
GPN,Global Payments Inc,NYSE,53868940352.1
GLOB,Globant SA,NYSE,4865984558.44
GL,Globe Life Inc,NYSE,7870027050.92
GMED,Globus Medical Inc,NYSE,4847242216.7
GDDY,GoDaddy Inc,NYSE,12502549139.91
GFI,Gold Fields Limited,NYSE,7004834797.74
GS,Goldman Sachs Group Inc (The),NYSE,62546092807.32
GGG,Graco Inc,NYSE,7701829839.39
GPK,Graphic Packaging Holding Company,NYSE,3815470151.7
GRUB,GrubHub Inc,NYSE,5303034123.38
PAC,Grupo Aeroportuario Del Pacifico SA de CV,NYSE,3336267000
ASR,Grupo Aeroportuario del Sureste SA de CV,NYSE,3150000000
AVAL,Grupo Aval Acciones y Valores SA,NYSE,4489624953.71
TV,Grupo Televisa SA,NYSE,3159555403.2
GSX,GSX Techedu Inc,NYSE,7840508917.16
GWRE,Guidewire Software Inc,NYSE,7863370628.15
HRB,H&R Block Inc,NYSE,3220111501.32
HAE,Haemonetics Corporation,NYSE,5199309015.02
HAL,Halliburton Company,NYSE,10097465981.7
HBI,Hanesbrands Inc,NYSE,3243689089.2
HOG,Harley-Davidson Inc,NYSE,3449462040.4
HIG,Hartford Financial Services Group Inc (The),NYSE,12622143080.25
HE,Hawaiian Electric Industries Inc,NYSE,4178089433.76
HCA,HCA Healthcare Inc,NYSE,35652555840
HDB,HDFC Bank Limited,NYSE,66750895225.04
HR,Healthcare Realty Trust Incorporated,NYSE,4190996026.66
HTA,Healthcare Trust of America Inc,NYSE,5715462567.6
PEAK,Healthpeak Properties Inc,NYSE,12950782527.78
HEI,Heico Corporation,NYSE,12229783237.24
HLF,Herbalife Nutrition Ltd,NYSE,5767508055.4
HSY,Hershey Company (The),NYSE,27513433495.56
HES,Hess Corporation,NYSE,15083841496.23
HESM,Hess Midstream LP,NYSE,5076139856.55
HPE,Hewlett Packard Enterprise Company,NYSE,12870533303.28
HIW,Highwoods Properties Inc,NYSE,3495761140.7
HRC,Hill-Rom Holdings Inc,NYSE,6729426706.11
HLT,Hilton Worldwide Holdings Inc,NYSE,20259496782.02
HFC,HollyFrontier Corporation,NYSE,4995804953.42
HD,Home Depot Inc (The),NYSE,263534395439.7
HMC,Honda Motor Company Ltd,NYSE,41214175591.82
HON,Honeywell International Inc,NYSE,95479372807.44
HRL,Hormel Foods Corporation,NYSE,25893920659.5
HST,Host Hotels & Resorts Inc,NYSE,8304416654.82
HLI,Houlihan Lokey Inc,NYSE,4220498118.57
HWM,Howmet Aerospace Inc,NYSE,5381516116.42
HPQ,HP Inc,NYSE,23047797598.28
HSBC,HSBC Holdings plc,NYSE,102884815297.68
HNP,Huaneng Power International Inc,NYSE,5839690715.04
HUBB,Hubbell Inc,NYSE,6464019965.98
HUBS,HubSpot Inc,NYSE,8202772606.56
HPP,Hudson Pacific Properties Inc,NYSE,3297394916.55
HUM,Humana Inc,NYSE,51873695293.53
HII,Huntington Ingalls Industries Inc,NYSE,7301959803.32
HUN,Huntsman Corporation,NYSE,3711586126.05
HUYA,HUYA Inc,NYSE,3841121112.5
H,Hyatt Hotels Corporation,NYSE,5421439106.64
IAA,IAA Inc,NYSE,5015035321.92
IBN,ICICI Bank Limited,NYSE,26503196428.8
ICL,ICL Group Ltd,NYSE,4341068388.33
IDA,IDACORP Inc,NYSE,4519159047.52
IEX,IDEX Corporation,NYSE,11657845321.99
INFO,IHS Markit Ltd,NYSE,27581080449.12
ITW,Illinois Tool Works Inc,NYSE,52037168614.34
INFY,Infosys Limited,NYSE,37997148761.6
ING,ING Group NV,NYSE,22661956976.26
IR,Ingersoll Rand Inc,NYSE,11955306153
INGR,Ingredion Incorporated,NYSE,5357172029.78
IPHI,Inphi Corporation,NYSE,5233473939.78
ICE,Intercontinental Exchange Inc,NYSE,52533294048
IHG,Intercontinental Hotels Group,NYSE,7958335513.84
IFS,Intercorp Financial Services Inc,NYSE,2850339642.45
IBM,International Business Machines Corporation,NYSE,107932146292.92
IFF,International Flavors & Fragrances Inc,NYSE,14093665893.6
IP,International Paper Company,NYSE,12891754410.4
IPG,Interpublic Group of Companies Inc (The),NYSE,6475383450.12
IVZ,Invesco Plc,NYSE,3345349259.34
INVH,Invitation Homes Inc,NYSE,13822574171.4
IQV,IQVIA Holdings Inc,NYSE,26459940109.76
IRM,Iron Mountain Incorporated,NYSE,6814187130.51
ITUB,Itau Unibanco Banco Holding SA,NYSE,38853791042.88
ITT,ITT Inc,NYSE,4608420000
JPM,J P Morgan Chase & Co,NYSE,275603219224.65
SJM,JM Smucker Company (The),NYSE,13000323450
JBL,Jabil Inc,NYSE,4578795098.08
J,Jacobs Engineering Group Inc,NYSE,10066043036.31
JHX,James Hardie Industries plc,NYSE,6383636787.11
JHG,Janus Henderson Group plc,NYSE,3507827837.36
JBGS,JBG SMITH Properties,NYSE,3929162294.94
JEF,Jefferies Financial Group Inc,NYSE,3615762666.1
JNJ,Johnson & Johnson,NYSE,396823740519.48
JCI,Johnson Controls International plc,NYSE,21966255343.15
JLL,Jones Lang LaSalle Incorporated,NYSE,4861533906.24
JNPR,Juniper Networks Inc,NYSE,7766899013.68
KSU,Kansas City Southern,NYSE,13205911287.44
KB,KB Financial Group Inc,NYSE,10317517190.8
KBH,KB Home,NYSE,2800005752.96
KBR,KBR Inc,NYSE,2897165107.96
K,Kellogg Company,NYSE,21845214221.25
KMPR,Kemper Corporation,NYSE,3984208047.3
KDP,Keurig Dr Pepper Inc,NYSE,37936801959.68
KEY,KeyCorp,NYSE,10446593858.19
KEYS,Keysight Technologies Inc,NYSE,18149239938.05
KRC,Kilroy Realty Corporation,NYSE,6357802421.75
KMB,Kimberly-Clark Corporation,NYSE,46903554699.87
KIM,Kimco Realty Corporation,NYSE,4502589507.69
KMI,Kinder Morgan Inc,NYSE,35037266532.33
KGC,Kinross Gold Corporation,NYSE,8863130406.9
KEX,Kirby Corporation,NYSE,3109968400
KL,Kirkland Lake Gold Ltd,NYSE,10957726198.74
KKR,KKR & Co Inc,NYSE,21846335585.25
KNX,Knight Transportation Inc,NYSE,6631596741
KSS,Kohl&#39;s Corporation,NYSE,2921739130
PHG,Koninklijke Philips NV,NYSE,38785842173.5
KEP,Korea Electric Power Corporation,NYSE,11632389075.24
KR,Kroger Company (The),NYSE,25362410556.56
KT,KT Corporation,NYSE,4914640662
LB,L Brands Inc,NYSE,3531330432.55
LHX,L3Harris Technologies Inc,NYSE,39055261912.8
LH,Laboratory Corporation of America Holdings,NYSE,16241148000
LW,Lamb Weston Holdings Inc,NYSE,8232212398.41
LVS,Las Vegas Sands Corp,NYSE,36956880908.85
LAZ,Lazard Ltd,NYSE,2749334435.3
LEA,Lear Corporation,NYSE,6158537926.92
LM,Legg Mason Inc,NYSE,4388326388.16
LEG,Leggett & Platt Incorporated,NYSE,4026505944.2
LDOS,Leidos Holdings Inc,NYSE,14023981313.37
LEN,Lennar Corporation,NYSE,17672833015.6
LII,Lennox International Inc,NYSE,7413074242.2
LEVI,Levi Strauss & Co,NYSE,5178258925.92
LPL,LG Display Co Ltd,NYSE,2941245054
LSI,Life Storage Inc,NYSE,4144613178.3
LNC,Lincoln National Corporation,NYSE,7033369798
LIN,Linde plc,NYSE,100966877577.75
LN,LINE Corporation,NYSE,11880927817.98
LYV,Live Nation Entertainment Inc,NYSE,9934253522.7
LYG,Lloyds Banking Group Plc,NYSE,25011038836.02
LMT,Lockheed Martin Corporation,NYSE,105875548447.56
L,Loews Corporation,NYSE,8907274438.8
LOW,Lowe&#39;s Companies Inc,NYSE,88125155681.04
LYB,LyondellBasell Industries NV,NYSE,19806893476.23
MTB,M&T Bank Corporation,NYSE,12384726578.15
MSGS,Madison Square Garden Sports Corp,NYSE,3976832366.08
MMP,Magellan Midstream Partners LP,NYSE,9699925969.7
MGA,Magna International Inc,NYSE,12039899412.06
MANU,Manchester United Ltd,NYSE,2735198057.94
MAN,ManpowerGroup,NYSE,4126198335.88
MFC,Manulife Financial Corp,NYSE,23079617946.7
MRO,Marathon Oil Corporation,NYSE,4805099720.32
MPC,Marathon Petroleum Corporation,NYSE,22726618350.15
MKL,Markel Corporation,NYSE,11627186470.48
VAC,Marriott Vacations Worldwide Corporation,NYSE,3521788582.4
MMC,Marsh & McLennan Companies Inc,NYSE,54154712991
MLM,Martin Marietta Materials Inc,NYSE,11257595868.42
MAS,Masco Corporation,NYSE,11718651222.39
MA,Mastercard Incorporated,NYSE,290984325435.7
MMS,Maximus Inc,NYSE,4289430825.24
MKC,McCormick & Company Incorporated,NYSE,23434943100.03
MCD,McDonald&#39;s Corporation,NYSE,133713708209.06
MCK,McKesson Corporation,NYSE,23043375453.24
MDU,MDU Resources Group Inc,NYSE,4359354301.98
MDLA,Medallia Inc,NYSE,3570765103.36
MPW,Medical Properties Trust Inc,NYSE,9277514608.52
MDT,Medtronic plc,NYSE,132542430949.3
MRK,Merck & Company Inc,NYSE,201221346946.52
MET,MetLife Inc,NYSE,30331615390.02
MTD,Mettler-Toledo International Inc,NYSE,17182340373.6
MGP,MGM Growth Properties LLC,NYSE,8072920306.07
MGM,MGM Resorts International,NYSE,7551162619.56
MAA,Mid-America Apartment Communities Inc,NYSE,13077196370.4
MUFG,Mitsubishi UFJ Financial Group Inc,NYSE,50078423655
MFG,Mizuho Financial Group Inc,NYSE,29164856980
MBT,Mobile TeleSystems OJSC,NYSE,7885114977.5
MHK,Mohawk Industries Inc,NYSE,6119727510.38
MOH,Molina Healthcare Inc,NYSE,10286000000
TAP,Molson Coors Beverage Company,NYSE,8349307610.25
MCO,Moody&#39;s Corporation,NYSE,48714375000
MS,Morgan Stanley,NYSE,63467438986.4
MOS,Mosaic Company (The),NYSE,4154064581.36
MSI,Motorola Solutions Inc,NYSE,23047525645.76
MPLX,MPLX LP,NYSE,20261672750.88
MSA,MSA Safety Incorporporated,NYSE,4714893767.36
MSM,MSC Industrial Direct Company Inc,NYSE,3650640613.5
MSCI,MSCI Inc,NYSE,28986808628.25
MUSA,Murphy USA Inc,NYSE,3384022455.24
NFG,National Fuel Gas Company,NYSE,3598866713.64
NGG,National Grid Transco PLC,NYSE,40187457148.25
NOV,National Oilwell Varco Inc,NYSE,4961490246.72
NNN,National Retail Properties,NYSE,5296495850.8
NTCO,Natura &Co Holding SA,NYSE,6905024214.06
NVRO,Nevro Corp,NYSE,4145746605
EDU,New Oriental Education & Technology Group Inc,NYSE,19437663825.2
NEWR,New Relic Inc,NYSE,3697386014.4
NYCB,New York Community Bancorp Inc,NYSE,4402762500.11
NYT,New York Times Company (The),NYSE,6261571326.53
NJR,NewJersey Resources Corporation,NYSE,3191414826.6
NEU,NewMarket Corporation,NYSE,4639340105.28
NEM,Newmont Corporation,NYSE,53637134591.88
NEP,NextEra Energy Partners LP,NYSE,3248945867.12
NEE,NextEra Energy Inc,NYSE,115241014272.5
NLSN,Nielsen NV,NYSE,4919363155.8
NKE,Nike Inc,NYSE,141570362183.36
NIO,NIO Inc,NYSE,3859566696.89
NI,NiSource Inc,NYSE,8869463766.24
NOK,Nokia Corporation,NYSE,20509098150
NOMD,Nomad Foods Limited,NYSE,4390620900.01
NMR,Nomura Holdings Inc ADR,NYSE,11759333597.91
NSC,Norfolk Southern Corporation,NYSE,43737462864.9
NOC,Northrop Grumman Corporation,NYSE,55206943094.1
NWE,NorthWestern Corporation,NYSE,2918330122.51
NCLH,Norwegian Cruise Line Holdings Ltd,NYSE,3301703532.96
NVS,Novartis AG,NYSE,194194341621.45
NVO,Novo Nordisk A/S,NYSE,148983756276.78
NRG,NRG Energy Inc,NYSE,8672413241.8
NUE,Nucor Corporation,NYSE,12304365394.68
NTR,Nutrien Ltd,NYSE,18725290190.24
NVG,Nuveen AMT-Free Municipal Credit Income Fund,NYSE,3031995430.24
NEA,Nuveen AMT-Free Quality Municipal Income Fund,NYSE,3705250551.1
NAD,Nuveen Quality Municipal Income Fund,NYSE,2819165252.76
NVT,nVent Electric plc,NYSE,3111643646.08
NVR,NVR Inc,NYSE,11412870218.49
OXY,Occidental Petroleum Corporation,NYSE,13815831846.41
OGE,OGE Energy Corp,NYSE,6163216780.49
ORI,Old Republic International Corporation,NYSE,4505171636.16
OHI,Omega Healthcare Investors Inc,NYSE,6686793040.06
OMC,Omnicom Group Inc,NYSE,11393420516.92
OGS,ONE Gas Inc,NYSE,4264135827.62
OCFT,OneConnect Financial Technology Co Ltd,NYSE,6200438771.66
OMF,OneMain Holdings Inc,NYSE,2972448576.52
OKE,ONEOK Inc,NYSE,14515725889.77
ORCL,Oracle Corporation,NYSE,167612989600
ORAN,Orange,NYSE,30368609729.7
IX,Orix Corp Ads,NYSE,14931357486.64
ORA,Ormat Technologies Inc,NYSE,3577093474.62
OSK,Oshkosh Corporation,NYSE,4479733096.05
OTIS,Otis Worldwide Corporation,NYSE,22576431989.15
OC,Owens Corning Inc,NYSE,4904619322.32
ORCC,Owl Rock Capital Corporation,NYSE,4904938146.06
PCG,Pacific Gas & Electric Co,NYSE,6500472943.92
PKG,Packaging Corporation of America,NYSE,8887716726.38
PAGS,PagSeguro Digital Ltd,NYSE,8966090692.14
PANW,Palo Alto Networks Inc,NYSE,22547257718.82
PH,Parker-Hannifin Corporation,NYSE,21173823747.96
PE,Parsley Energy Inc,NYSE,3962190316.8
PSN,Parsons Corporation,NYSE,3965379246.66
PAYC,Paycom Software Inc,NYSE,16626908976.4
PSO,Pearson Plc,NYSE,4115653916.86
PBA,Pembina Pipeline Corp,NYSE,13304340321.8
PNR,Pentair plc,NYSE,5909760204.08
PEN,Penumbra Inc,NYSE,6079086688.64
PFGC,Performance Food Group Company,NYSE,3292161472.95
PKI,PerkinElmer Inc,NYSE,10394558410.92
PRGO,Perrigo Company,NYSE,7491782485.44
PRSP,Perspecta Inc,NYSE,3759063899.76
PTR,PetroChina Company Limited,NYSE,65375093270.16
PBR,Petroleo Brasileiro SA- Petrobras,NYSE,44612179500.6
PFE,Pfizer Inc,NYSE,211472521014.78
PM,Philip Morris International Inc,NYSE,106274090968.5
PSX,Phillips 66,NYSE,33309546649.96
PSXP,Phillips 66 Partners LP,NYSE,10136019080.94
DOC,Physicians Realty Trust,NYSE,3277412418.76
PNW,Pinnacle West Capital Corporation,NYSE,8421260265.88
PINS,Pinterest Inc,NYSE,10861171564.96
PXD,Pioneer Natural Resources Company,NYSE,15394927016.7
PAA,Plains All American Pipeline LP,NYSE,6552477063
PLNT,Planet Fitness Inc,NYSE,4988286804.7
PHI,PLDT Inc,NYSE,5119200000
PNC,PNC Financial Services Group Inc (The),NYSE,44148540762.04
PNM,PNM Resources Inc (Holding Co),NYSE,3186144960
PII,Polaris Inc,NYSE,4872995501.4
POR,Portland General Electric Company,NYSE,3867704769.06
PKX,POSCO,NYSE,11459741288.64
POST,Post Holdings Inc,NYSE,6007786848.32
PPG,PPG Industries Inc,NYSE,21669566861.8
PPL,PPL Corporation,NYSE,20087790019.83
PRI,Primerica Inc,NYSE,4284009017.48
PG,Procter & Gamble Company (The),NYSE,287694428056.73
PGR,Progressive Corporation (The),NYSE,44845568464.92
PLD,Prologis Inc,NYSE,64131075060
PB,Prosperity Bancshares Inc,NYSE,5581881290.88
PRLB,Proto Labs Inc,NYSE,3095062941.3
PRU,Prudential Financial Inc,NYSE,22562400000
PUK,Prudential Public Limited Company,NYSE,35832656361.53
PSB,PS Business Parks Inc,NYSE,3331881978.75
TLK,PT Telekomunikasi Indonesia Tbk,NYSE,21684719213.74
PEG,Public Service Enterprise Group Incorporated,NYSE,24952609936.8
PSA,Public Storage,NYSE,32049997723.2
PHM,PulteGroup Inc,NYSE,8347463178.56
PSTG,Pure Storage Inc ,NYSE,3929683584.53
PVH,PVH Corp,NYSE,3155282163.52
QTWO,Q2 Holdings Inc,NYSE,4071620956.66
QGEN,Qiagen NV,NYSE,9655858160
QTS,QTS Realty Trust Inc,NYSE,3858340501.6
KWR,Quaker Chemical Corporation,NYSE,2994817892.8
PWR,Quanta Services Inc,NYSE,4596020241.12
DGX,Quest Diagnostics Incorporated,NYSE,14582117870.88
RDN,Radian Group Inc,NYSE,2808208486
RL,Ralph Lauren Corporation,NYSE,5156854353.63
RJF,Raymond James Financial Inc,NYSE,8901502319.36
RYN,Rayonier Inc,NYSE,2933573482.4
RTX,Raytheon Technologies Corporation,NYSE,87727799955.9
O,Realty Income Corporation,NYSE,18225090144.99
RBC,Regal Beloit Corporation,NYSE,3075041171.35
RF,Regions Financial Corporation,NYSE,9625586498.33
RGA,Reinsurance Group of America Incorporated,NYSE,5566210109.15
RS,Reliance Steel & Aluminum Co,NYSE,5948501930.67
RELX,RELX PLC,NYSE,43975507637.16
RNR,RenaissanceRe Holdings Ltd,NYSE,7261143608.2
RSG,Republic Services Inc,NYSE,26168445057.69
RMD,ResMed Inc,NYSE,24184221275.93
QSR,Restaurant Brands International Inc,NYSE,15714182818.2
REXR,Rexford Industrial Realty Inc,NYSE,4538629751.36
RXN,Rexnord Corporation,NYSE,3495970146
RH,RH,NYSE,3364460533.28
RNG,Ringcentral Inc,NYSE,23123344388.48
RIO,Rio Tinto Plc,NYSE,64104852042.72
RBA,Ritchie Bros Auctioneers Incorporated,NYSE,4412158252.6
RLI,RLI Corp,NYSE,3284295380.16
RHI,Robert Half International Inc,NYSE,5566230893.94
ROK,Rockwell Automation Inc,NYSE,23763601873.2
RCI,Rogers Communication Inc,NYSE,15742944869.86
ROL,Rollins Inc,NYSE,12917315165.09
ROP,Roper Technologies Inc,NYSE,38244663265.9
RY,Royal Bank Of Canada,NYSE,87735659340.28
RBS,Royal Bank Scotland plc (The),NYSE,16447716501.12
RCL,Royal Caribbean Cruises Ltd,NYSE,9138394109
RPM,RPM International Inc,NYSE,9024245212.5
SPGI,S&P Global Inc,NYSE,75071667000
CRM,Salesforcecom Inc,NYSE,155057712352.5
SC,Santander Consumer USA Holdings Inc,NYSE,5015869720.4
SAP,SAP SE,NYSE,140229987667.44
SSL,Sasol Ltd,NYSE,3041294260.29
SLB,Schlumberger NV,NYSE,24911241680.65
SNDR,Schneider National Inc,NYSE,3921798024.67
SAIC,SCIENCE APPLICATIONS INTERNATIONAL CORPORATION,NYSE,4905470922.3
SMG,Scotts Miracle-Gro Company (The),NYSE,8042801630.77
SE,Sea Limited,NYSE,32387633748.2
SEE,Sealed Air Corporation,NYSE,4739927540.25
SRE,Sempra Energy,NYSE,36274143212
ST,Sensata Technologies Holding plc,NYSE,5656250410.77
SCI,Service Corporation International,NYSE,6685737527.07
SERV,ServiceMaster Global Holdings Inc,NYSE,3728480330.52
NOW,ServiceNow Inc,NYSE,71150326000
SJR,Shaw Communications Inc,NYSE,7890847600.4
SHLX,Shell Midstream Partners LP,NYSE,5293677168.02
SHW,Sherwin-Williams Company (The),NYSE,51960300000
SHG,Shinhan Financial Group Co Ltd,NYSE,11737487035.11
SHOP,Shopify Inc,NYSE,79303091115.02
SBSW,Sibayne Gold Limited,NYSE,5540310697.9
SPG,Simon Property Group Inc,NYSE,17400526781.61
SSD,Simpson Manufacturing Company Inc,NYSE,3190256352.2
SHI,SINOPEC Shangai Petrochemical Company Ltd,NYSE,2892122967.2
SITE,SiteOne Landscape Supply Inc,NYSE,4026546720.15
SKM,SK Telecom Co Ltd,NYSE,12373896320.04
SKX,Skechers USA Inc,NYSE,4309642876.52
SLG,SL Green Realty Corp,NYSE,3137317336.97
WORK,Slack Technologies Inc,NYSE,16294870668
SMAR,Smartsheet Inc,NYSE,6419614670.04
SNN,Smith & Nephew SNATS Inc,NYSE,17525520602.91
SNAP,Snap Inc,NYSE,25280688355.23
SNA,Snap-On Incorporated,NYSE,7304666313.6
SQM,Sociedad Quimica y Minera SA,NYSE,6179854383.52
SWI,SolarWinds Corporation,NYSE,5272779440.98
SON,Sonoco Products Company,NYSE,4835873031.2
SNE,Sony Corp Ord,NYSE,78175647355.8
SO,Southern Company (The),NYSE,57465109792.62
SCCO,Southern Copper Corporation,NYSE,27544087502.47
LUV,Southwest Airlines Company,NYSE,15966454007.7
SWX,Southwest Gas Holdings Inc,NYSE,4085131221.6
SR,Spire Inc,NYSE,3677146428.42
SRC,Spirit Realty Capital Inc,NYSE,2955406021.92
SPOT,Spotify Technology SA,NYSE,30018650916.57
SQ,Square Inc,NYSE,33667486364.13
STAG,Stag Industrial Inc,NYSE,3686597674.63
SWK,Stanley Black & Decker Inc,NYSE,18596974558.74
STN,Stantec Inc,NYSE,3283110907.2
STWD,STARWOOD PROPERTY TRUST INC,NYSE,3576161828.96
STT,State Street Corporation,NYSE,20575370559.4
STE,STERIS plc,NYSE,13531085324.34
SF,Stifel Financial Corporation,NYSE,3086627558.37
STM,STMicroelectronics NV,NYSE,22075165159.34
STOR,STORE Capital Corporation,NYSE,4467105345.15
SYK,Stryker Corporation,NYSE,72042637305.84
SMFG,Sumitomo Mitsui Financial Group Inc,NYSE,36770186909.4
SUI,Sun Communities Inc,NYSE,13136668765.2
SLF,Sun Life Financial Inc,NYSE,19741457434.27
SU,Suncor Energy  Inc,NYSE,26278348180.62
SUZ,Suzano SA,NYSE,9727887591.8
SWCH,Switch Inc,NYSE,4351517271.28
SYF,Synchrony Financial,NYSE,10483392554.96
SNX,Synnex Corporation,NYSE,5068322037
SYY,Sysco Corporation,NYSE,26751466650.1
TSM,Taiwan Semiconductor Manufacturing Company Ltd,NYSE,269001762120
TAK,Takeda Pharmaceutical Company Limited,NYSE,59101626712.24
TAL,TAL Education Group,NYSE,32554753905.17
TPR,Tapestry Inc,NYSE,3696958767.71
TRGP,Targa Resources Inc,NYSE,4065547016.32
TGT,Target Corporation,NYSE,62578534710.4
TTM,Tata Motors Ltd,NYSE,4014781508.52
TRP,TC Energy Corporation,NYSE,42097435085.94
TEL,TE Connectivity Ltd,NYSE,25157497273.71
FTI,TechnipFMC plc,NYSE,3357792563.37
TECK,Teck Resources Ltd,NYSE,5164495117.95
TDOC,Teladoc Health Inc,NYSE,12820852405.2
TEO,Telecom Argentina Stet - France Telecom SA,NYSE,3454515568.04
TDY,Teledyne Technologies Incorporated,NYSE,12105591079.98
TFX,Teleflex Incorporated,NYSE,16391887293.6
VIV,Telefonica Brasil SA,NYSE,14066819154.08
TEF,Telefonica SA,NYSE,24610704191.64
TU,TELUS Corporation,NYSE,20631334649.68
TPX,Tempur Sealy International Inc,NYSE,2942323088.43
TS,Tenaris SA,NYSE,8004039707.4
TME,Tencent Music Entertainment Group,NYSE,20784633485.91
TX,Ternium SA,NYSE,2742418247.69
TRNO,Terreno Realty Corporation,NYSE,3233828604.85
TEVA,Teva Pharmaceutical Industries Limited,NYSE,12894326625.29
TPL,Texas Pacific Land Trust,NYSE,4291946484.16
TXT,Textron Inc,NYSE,6184976921.53
AES,The AES Corporation,NYSE,8670393474
BK,The Bank Of New York Mellon Corporation ,NYSE,29865986352.33
BX,The Blackstone Group Inc,NYSE,64028251570.14
SCHW,The Charles Schwab Corporation,NYSE,44042396095.83
COO,The Cooper Companies Inc ,NYSE,16114862076.5
THG,The Hanover Insurance Group Inc,NYSE,3456293077.2
TRV,The Travelers Companies Inc,NYSE,24095254884.9
TMO,Thermo Fisher Scientific Inc,NYSE,137036184554.88
TRI,Thomson Reuters Corp,NYSE,33645806043.6
THO,Thor Industries Inc,NYSE,4270727751.72
TIF,Tiffany & Co,NYSE,15489638100.04
TSU,TIM Participacoes SA,NYSE,5407189405.55
TKR,Timken Company (The),NYSE,3078462770.49
TJX,TJX Companies Inc (The),NYSE,59604021645.92
TOL,Toll Brothers Inc,NYSE,3523149600
BLD,TopBuild Corp,NYSE,3344385222.45
TTC,Toro Company (The),NYSE,6997515751.36
TD,Toronto Dominion Bank (The),NYSE,74927651121
TOT,Total SA,NYSE,91837247677.14
TM,Toyota Motor Corp Ltd Ord,NYSE,165236121499.02
TT,Trane Technologies plc,NYSE,19469133259.92
TDG,Transdigm Group Incorporated,NYSE,20034875635.88
TRU,TransUnion,NYSE,14977118000
THS,Treehouse Foods Inc,NYSE,2871384510.72
TREX,Trex Company Inc,NYSE,7102060673.4
TNET,TriNet Group Inc,NYSE,3255508971.44
TFC,Truist Financial Corporation,NYSE,46016044254.95
TKC,Turkcell Iletisim Hizmetleri AS,NYSE,4383677234.54
TWLO,Twilio Inc,NYSE,25684310867.28
TWTR,Twitter Inc,NYSE,23256407146.44
TYL,Tyler Technologies Inc,NYSE,13999274338.32
TSN,Tyson Foods Inc,NYSE,22161593872.88
USB,US Bancorp,NYSE,49647288604.16
UBER,Uber Technologies Inc,NYSE,58296653429.44
UI,Ubiquiti Inc,NYSE,11201408309.52
UBS,UBS AG,NYSE,35697545144.88
UDR,UDR Inc,NYSE,10878345019.57
UGI,UGI Corporation,NYSE,6447951707.04
UGP,Ultrapar Participacoes SA,NYSE,2905329624.12
UA,Under Armour Inc,NYSE,3314884907.9
UAA,Under Armour Inc,NYSE,3737192163.29
UNF,Unifirst Corporation,NYSE,3221388267.97
UN,Unilever NV,NYSE,116202561572.44
UL,Unilever PLC,NYSE,137252547040.25
UNP,Union Pacific Corporation,NYSE,107973748593.36
UMC,United Microelectronics Corporation,NYSE,5538170000
UPS,United Parcel Service Inc,NYSE,82855165205.7
URI,United Rentals Inc,NYSE,9318161059.02
UNH,UnitedHealth Group Incorporated,NYSE,278216610706.72
UHS,Universal Health Services Inc,NYSE,8503688142.01
UNM,Unum Group,NYSE,3073683135.49
USFD,US Foods Holding Corp,NYSE,4231622483.54
VFC,VF Corporation,NYSE,22281960031.8
MTN,Vail Resorts Inc,NYSE,7622692044.85
VALE,VALE SA,NYSE,46220497695.54
VLO,Valero Energy Corporation,NYSE,26235404523.9
VVV,Valvoline Inc,NYSE,3260234220.78
VAR,Varian Medical Systems Inc,NYSE,10804254006.65
VEDL,Vedanta  Limited,NYSE,4619002780.49
VEEV,Veeva Systems Inc,NYSE,29581389270.73
VTR,Ventas Inc,NYSE,12035395144.9
VER,VEREIT Inc,NYSE,5367351765.42
VZ,Verizon Communications Inc,NYSE,230569103966.6
VRT,Vertiv Holdings LLC,NYSE,3845701065.55
VICI,VICI Properties Inc,NYSE,7741573275.24
VIPS,Vipshop Holdings Limited,NYSE,11175618904.2
SPCE,Virgin Galactic Holdings Inc,NYSE,3366461696
V,Visa Inc,NYSE,407451665789
VST,Vistra Energy Corp,NYSE,9732482285.76
VMW,Vmware Inc,NYSE,58115843962.37
VNO,Vornado Realty Trust,NYSE,7237552543.62
VOYA,Voya Financial Inc,NYSE,5428959205.12
VMC,Vulcan Materials Company,NYSE,13407650759.28
WPC,W P Carey Inc,NYSE,10166576368.52
WRB,WR Berkley Corporation,NYSE,9279366227.12
GRA,WR Grace & Co,NYSE,3298019258.24
GWW,WW Grainger Inc,NYSE,15554891941.12
WBC,Wabco Holdings Inc,NYSE,7003001356.81
WMT,Walmart Inc,NYSE,361750384809.32
DIS,Walt Disney Company (The),NYSE,211062268919.55
WCN,Waste Connections Inc,NYSE,24077060224.59
WM,Waste Management Inc,NYSE,42059013792.18
WAT,Waters Corporation,NYSE,11653690299.68
WSO,Watsco Inc,NYSE,6250094721.46
W,Wayfair Inc,NYSE,14558587633.2
WEC,WEC Energy Group Inc,NYSE,27638373606.22
WFC,Wells Fargo & Company,NYSE,104180937618.45
WELL,Welltower Inc,NYSE,18840840673.61
WST,West Pharmaceutical Services Inc,NYSE,16074727687.2
WAL,Western Alliance Bancorporation,NYSE,3380526022.8
WES,Western Midstream Partners LP,NYSE,3649444981.98
WU,Western Union Company (The),NYSE,7971553333.4
WAB,Westinghouse Air Brake Technologies Corporation,NYSE,10777947606.72
WLK,Westlake Chemical Corporation,NYSE,5604821872
WBK,Westpac Banking Corporation,NYSE,36669665903.6
WRK,Westrock Company,NYSE,6709519451.76
WEX,WEX Inc,NYSE,5890453385.32
WY,Weyerhaeuser Company,NYSE,14304769020
WPM,Wheaton Precious Metals Corp,NYSE,20279760948.72
WHR,Whirlpool Corporation,NYSE,7371917996.94
WTM,White Mountains Insurance Group Ltd,NYSE,2832788268.16
WMB,Williams Companies Inc (The),NYSE,23754396750.92
WSM,Williams-Sonoma Inc,NYSE,5426564217.76
WIT,Wipro Limited,NYSE,16668130000.1
WF,Woori Bank,NYSE,4865676597.53
WWE,World Wrestling Entertainment Inc,NYSE,3372203672.64
WPP,WPP plc,NYSE,8890987731.92
WPX,WPX Energy Inc,NYSE,3345229593.16
WH,Wyndham Hotels & Resorts Inc,NYSE,4135080942.82
XRX,Xerox Holdings Corporation,NYSE,3573051884.12
XPO,XPO Logistics Inc,NYSE,6370644107.24
XYL,Xylem Inc,NYSE,11158346471.86
AUY,Yamana Gold Inc,NYSE,4729588103.45
YUMC,Yum China Holdings Inc,NYSE,17526720433.44
YUM,Yum! Brands Inc,NYSE,26113542930.72
ZEN,Zendesk Inc,NYSE,8681172504
ZBH,Zimmer Biomet Holdings Inc,NYSE,25368415201.71
ZTS,Zoetis Inc,NYSE,62416716256.24
ZTO,ZTO Express (Cayman) Inc,NYSE,26942461973.21
BTG,B2Gold Corp,AMEX,5454085946.94
CQP,Cheniere Energy Partners LP,AMEX,15551405901.99
LNG,Cheniere Energy Inc,AMEX,10971720924.16
IMO,Imperial Oil Limited,AMEX,11394495695.4
NG,Novagold Resources Inc,AMEX,3746036511.6
SEB,Seaboard Corporation,AMEX,3705206568
